{
    "name": "root",
    "gauges": {
        "MoveToGoal.Policy.Entropy.mean": {
            "value": 1.4116308689117432,
            "min": 1.4112893342971802,
            "max": 1.4189382791519165,
            "count": 10
        },
        "MoveToGoal.Policy.Entropy.sum": {
            "value": 14090.8994140625,
            "min": 14059.2646484375,
            "max": 14226.7109375,
            "count": 10
        },
        "MoveToGoal.Step.mean": {
            "value": 99936.0,
            "min": 9958.0,
            "max": 99936.0,
            "count": 10
        },
        "MoveToGoal.Step.sum": {
            "value": 99936.0,
            "min": 9958.0,
            "max": 99936.0,
            "count": 10
        },
        "MoveToGoal.Policy.ExtrinsicValueEstimate.mean": {
            "value": -0.9563188552856445,
            "min": -1.0396795272827148,
            "max": 0.6691015362739563,
            "count": 10
        },
        "MoveToGoal.Policy.ExtrinsicValueEstimate.sum": {
            "value": -197.9580078125,
            "min": -208.9755859375,
            "max": 150.5478515625,
            "count": 10
        },
        "MoveToGoal.Policy.GailValueEstimate.mean": {
            "value": 17.463346481323242,
            "min": -0.3549775183200836,
            "max": 20.450876235961914,
            "count": 10
        },
        "MoveToGoal.Policy.GailValueEstimate.sum": {
            "value": 3614.91259765625,
            "min": -79.86994171142578,
            "max": 4151.52783203125,
            "count": 10
        },
        "MoveToGoal.Environment.EpisodeLength.mean": {
            "value": 111.70454545454545,
            "min": 90.0,
            "max": 135.72972972972974,
            "count": 10
        },
        "MoveToGoal.Environment.EpisodeLength.sum": {
            "value": 9830.0,
            "min": 9773.0,
            "max": 10044.0,
            "count": 10
        },
        "MoveToGoal.Environment.CumulativeReward.mean": {
            "value": -2.1835225213488396,
            "min": -3.101866453190645,
            "max": -2.1260548890183824,
            "count": 10
        },
        "MoveToGoal.Environment.CumulativeReward.sum": {
            "value": -192.14998187869787,
            "min": -232.7849834561348,
            "max": -192.14998187869787,
            "count": 10
        },
        "MoveToGoal.Policy.ExtrinsicReward.mean": {
            "value": -2.1835225213488396,
            "min": -3.101866453190645,
            "max": -2.1260548890183824,
            "count": 10
        },
        "MoveToGoal.Policy.ExtrinsicReward.sum": {
            "value": -192.14998187869787,
            "min": -232.7849834561348,
            "max": -192.14998187869787,
            "count": 10
        },
        "MoveToGoal.Policy.GailReward.mean": {
            "value": 39.50677884928882,
            "min": 34.58168875651622,
            "max": 58.076762676239014,
            "count": 10
        },
        "MoveToGoal.Policy.GailReward.sum": {
            "value": 3476.5965387374163,
            "min": 3476.5965387374163,
            "max": 4341.302531242371,
            "count": 10
        },
        "MoveToGoal.IsTraining.mean": {
            "value": 1.0,
            "min": 1.0,
            "max": 1.0,
            "count": 10
        },
        "MoveToGoal.IsTraining.sum": {
            "value": 1.0,
            "min": 1.0,
            "max": 1.0,
            "count": 10
        },
        "MoveToGoal.Losses.PolicyLoss.mean": {
            "value": 0.021764893336997677,
            "min": 0.019259216700447723,
            "max": 0.025343040749430657,
            "count": 9
        },
        "MoveToGoal.Losses.PolicyLoss.sum": {
            "value": 0.021764893336997677,
            "min": 0.019259216700447723,
            "max": 0.025343040749430657,
            "count": 9
        },
        "MoveToGoal.Losses.ValueLoss.mean": {
            "value": 22.26594444910685,
            "min": 19.548612801233926,
            "max": 39.16340026855469,
            "count": 9
        },
        "MoveToGoal.Losses.ValueLoss.sum": {
            "value": 22.26594444910685,
            "min": 19.548612801233926,
            "max": 39.16340026855469,
            "count": 9
        },
        "MoveToGoal.Policy.LearningRate.mean": {
            "value": 2.2446092518e-05,
            "min": 2.2446092518e-05,
            "max": 0.00026923801025400005,
            "count": 9
        },
        "MoveToGoal.Policy.LearningRate.sum": {
            "value": 2.2446092518e-05,
            "min": 2.2446092518e-05,
            "max": 0.00026923801025400005,
            "count": 9
        },
        "MoveToGoal.Policy.Epsilon.mean": {
            "value": 0.10748200000000001,
            "min": 0.10748200000000001,
            "max": 0.18974599999999997,
            "count": 9
        },
        "MoveToGoal.Policy.Epsilon.sum": {
            "value": 0.10748200000000001,
            "min": 0.10748200000000001,
            "max": 0.18974599999999997,
            "count": 9
        },
        "MoveToGoal.Policy.Beta.mean": {
            "value": 0.0005,
            "min": 0.0005,
            "max": 0.0005,
            "count": 9
        },
        "MoveToGoal.Policy.Beta.sum": {
            "value": 0.0005,
            "min": 0.0005,
            "max": 0.0005,
            "count": 9
        },
        "MoveToGoal.Policy.GAILPolicyEstimate.mean": {
            "value": 0.4335459386308988,
            "min": 0.4335459386308988,
            "max": 0.47303232302268344,
            "count": 9
        },
        "MoveToGoal.Policy.GAILPolicyEstimate.sum": {
            "value": 0.4335459386308988,
            "min": 0.4335459386308988,
            "max": 0.47303232302268344,
            "count": 9
        },
        "MoveToGoal.Policy.GAILExpertEstimate.mean": {
            "value": 0.5646040230989456,
            "min": 0.49250748157501223,
            "max": 0.5675042559703191,
            "count": 9
        },
        "MoveToGoal.Policy.GAILExpertEstimate.sum": {
            "value": 0.5646040230989456,
            "min": 0.49250748157501223,
            "max": 0.5675042559703191,
            "count": 9
        },
        "MoveToGoal.Losses.GAILLoss.mean": {
            "value": 1.195585439602534,
            "min": 1.195585439602534,
            "max": 1.3811148206392925,
            "count": 9
        },
        "MoveToGoal.Losses.GAILLoss.sum": {
            "value": 1.195585439602534,
            "min": 1.195585439602534,
            "max": 1.3811148206392925,
            "count": 9
        },
        "MoveToGoal.Policy.GAILGradMagLoss.mean": {
            "value": 0.04255485801647107,
            "min": 0.04255485801647107,
            "max": 7.299623250961304,
            "count": 9
        },
        "MoveToGoal.Policy.GAILGradMagLoss.sum": {
            "value": 0.04255485801647107,
            "min": 0.04255485801647107,
            "max": 7.299623250961304,
            "count": 9
        },
        "MoveToGoal.Losses.PretrainingLoss.mean": {
            "value": 1.2924925088882446,
            "min": 1.2924925088882446,
            "max": 1.4941938320795696,
            "count": 9
        },
        "MoveToGoal.Losses.PretrainingLoss.sum": {
            "value": 1.2924925088882446,
            "min": 1.2924925088882446,
            "max": 1.4941938320795696,
            "count": 9
        }
    },
    "metadata": {
        "timer_format_version": "0.1.0",
        "start_time_seconds": "1744474829",
        "python_version": "3.9.13 (main, Oct 13 2022, 21:23:06) [MSC v.1916 64 bit (AMD64)]",
        "command_line_arguments": "C:\\Users\\franc\\anaconda3\\envs\\ml_agents_env_3_9_13\\Scripts\\mlagents-learn general_config\\general_config.yaml --force --run-id=headless_001 --env=C:\\Users\\franc\\OneDrive\\Desktop\\_temporary\\move_to_goal\\rl_unity_project.exe --time-scale=10 --quality-level=0 --width=512 --height=512",