{
    "name": "root",
    "gauges": {
        "MoveToGoal.Policy.Entropy.mean": {
            "value": -2.319540023803711,
            "min": -2.319540023803711,
            "max": 0.46197715401649475,
            "count": 3
        },
        "MoveToGoal.Policy.Entropy.sum": {
            "value": -23306.73828125,
            "min": -23306.73828125,
            "max": 4819.345703125,
            "count": 3
        },
        "MoveToGoal.Environment.EpisodeLength.mean": {
            "value": 34.641843971631204,
            "min": 32.52188552188552,
            "max": 50.39572192513369,
            "count": 3
        },
        "MoveToGoal.Environment.EpisodeLength.sum": {
            "value": 9769.0,
            "min": 9424.0,
            "max": 9769.0,
            "count": 3
        },
        "MoveToGoal.Step.mean": {
            "value": 29968.0,
            "min": 9995.0,
            "max": 29968.0,
            "count": 3
        },
        "MoveToGoal.Step.sum": {
            "value": 29968.0,
            "min": 9995.0,
            "max": 29968.0,
            "count": 3
        },
        "MoveToGoal.Policy.ExtrinsicValueEstimate.mean": {
            "value": -0.11437266319990158,
            "min": -0.11437266319990158,
            "max": 0.255983829498291,
            "count": 3
        },
        "MoveToGoal.Policy.ExtrinsicValueEstimate.sum": {
            "value": -40.259178161621094,
            "min": -40.259178161621094,
            "max": 66.81178283691406,
            "count": 3
        },
        "MoveToGoal.Policy.GailValueEstimate.mean": {
            "value": 8.213176727294922,
            "min": 8.213176727294922,
            "max": 12.06449031829834,
            "count": 3
        },
        "MoveToGoal.Policy.GailValueEstimate.sum": {
            "value": 2891.038330078125,
            "min": 2891.038330078125,
            "max": 3148.83203125,
            "count": 3
        },
        "MoveToGoal.Environment.CumulativeReward.mean": {
            "value": -0.19858156028368795,
            "min": -0.19858156028368795,
            "max": 0.3689839572192513,
            "count": 3
        },
        "MoveToGoal.Environment.CumulativeReward.sum": {
            "value": -56.0,
            "min": -56.0,
            "max": 69.0,
            "count": 3
        },
        "MoveToGoal.Policy.ExtrinsicReward.mean": {
            "value": -0.19858156028368795,
            "min": -0.19858156028368795,
            "max": 0.3689839572192513,
            "count": 3
        },
        "MoveToGoal.Policy.ExtrinsicReward.sum": {
            "value": -56.0,
            "min": -56.0,
            "max": 69.0,
            "count": 3
        },
        "MoveToGoal.Policy.GailReward.mean": {
            "value": 13.02252251528045,
            "min": 13.02252251528045,
            "max": 25.701948086287885,
            "count": 3
        },
        "MoveToGoal.Policy.GailReward.sum": {
            "value": 3672.351349309087,
            "min": 3672.351349309087,
            "max": 4806.264292135835,
            "count": 3
        },
        "MoveToGoal.Losses.PolicyLoss.mean": {
            "value": 0.2801892371796512,
            "min": 0.2492834784384499,
            "max": 0.2801892371796512,
            "count": 3
        },
        "MoveToGoal.Losses.PolicyLoss.sum": {
            "value": 22.134949737192446,
            "min": 18.937354734598816,
            "max": 22.134949737192446,
            "count": 3
        },
        "MoveToGoal.Losses.ValueLoss.mean": {
            "value": 9.414699841988874,
            "min": 9.414699841988874,
            "max": 34.255488205982864,
            "count": 3
        },
        "MoveToGoal.Losses.ValueLoss.sum": {
            "value": 743.761287517121,
            "min": 743.761287517121,
            "max": 2569.1616154487147,
            "count": 3
        },
        "MoveToGoal.Policy.LearningRate.mean": {
            "value": 0.0002849604809625417,
            "min": 0.0002849604809625417,
            "max": 0.00029684471305176265,
            "count": 3
        },
        "MoveToGoal.Policy.LearningRate.sum": {
            "value": 0.022511877996040798,
            "min": 0.022263353478882197,
            "max": 0.022986252237915995,
            "count": 3
        },
        "MoveToGoal.Policy.Epsilon.mean": {
            "value": 0.19498682531645573,
            "min": 0.19498682531645573,
            "max": 0.19894823733333336,
            "count": 3
        },
        "MoveToGoal.Policy.Epsilon.sum": {
            "value": 15.403959200000003,
            "min": 14.921117800000001,
            "max": 15.562084000000004,
            "count": 3
        },
        "MoveToGoal.Policy.Beta.mean": {
            "value": 0.0005000000000000001,
            "min": 0.0005000000000000001,
            "max": 0.0005000000000000001,
            "count": 3
        },
        "MoveToGoal.Policy.Beta.sum": {
            "value": 0.03950000000000001,
            "min": 0.037500000000000006,
            "max": 0.03950000000000001,
            "count": 3
        },
        "MoveToGoal.Policy.GAILPolicyEstimate.mean": {
            "value": 0.3762592114977791,
            "min": 0.3762592114977791,
            "max": 0.38730551186192613,
            "count": 3
        },
        "MoveToGoal.Policy.GAILPolicyEstimate.sum": {
            "value": 29.724477708324546,
            "min": 28.54294655183492,
            "max": 30.597135437092167,
            "count": 3
        },
        "MoveToGoal.Policy.GAILExpertEstimate.mean": {
            "value": 0.6252648638119753,
            "min": 0.602333263542294,
            "max": 0.6252648638119753,
            "count": 3
        },
        "MoveToGoal.Policy.GAILExpertEstimate.sum": {
            "value": 49.39592424114605,
            "min": 45.758905058682664,
            "max": 49.39592424114605,
            "count": 3
        },
        "MoveToGoal.Losses.GAILLoss.mean": {
            "value": 1.0041083335489582,
            "min": 1.0041083335489582,
            "max": 1.0677569846332813,
            "count": 3
        },
        "MoveToGoal.Losses.GAILLoss.sum": {
            "value": 79.3245583503677,
            "min": 79.3245583503677,
            "max": 84.35280178602922,
            "count": 3
        },
        "MoveToGoal.Policy.GAILGradMagLoss.mean": {
            "value": 0.09977662166038283,
            "min": 0.09738550857193738,
            "max": 0.44405283808105994,
            "count": 3
        },
        "MoveToGoal.Policy.GAILGradMagLoss.sum": {
            "value": 7.882353111170244,
            "min": 7.693455177183053,
            "max": 33.303962856079494,
            "count": 3
        },
        "MoveToGoal.Losses.PretrainingLoss.mean": {
            "value": 0.08010775517691196,
            "min": 0.08010775517691196,
            "max": 0.3989848686576805,
            "count": 3
        },
        "MoveToGoal.Losses.PretrainingLoss.sum": {
            "value": 6.328512658976044,
            "min": 6.328512658976044,
            "max": 29.92386514932604,
            "count": 3
        },
        "MoveToGoal.IsTraining.mean": {
            "value": 1.0,
            "min": 1.0,
            "max": 1.0,
            "count": 3
        },
        "MoveToGoal.IsTraining.sum": {
            "value": 1.0,
            "min": 1.0,
            "max": 1.0,
            "count": 3
        }
    },
    "metadata": {
        "timer_format_version": "0.1.0",
        "start_time_seconds": "1736099919",
        "python_version": "3.9.13 (main, Oct 13 2022, 21:23:06) [MSC v.1916 64 bit (AMD64)]",
        "command_line_arguments": "C:\\Users\\franc\\anaconda3\\envs\\ml_agents_env_3_9_13\\Scripts\\mlagents-learn config/move_to_ball_imitation_config.yaml --run-id=movetogoal_imitation1",
        "mlagents_version": "0.30.0",
        "mlagents_envs_version": "0.30.0",
        "communication_protocol_version": "1.5.0",
        "pytorch_version": "2.5.1+cpu",