{
    "name": "root",
    "gauges": {
        "SphereHunt.Policy.Entropy.mean": {
            "value": 1.259186863899231,
            "min": 1.2470133304595947,
            "max": 2.111597776412964,
            "count": 10
        },
        "SphereHunt.Policy.Entropy.sum": {
            "value": 12632.162109375,
            "min": 11942.646484375,
            "max": 21779.01953125,
            "count": 10
        },
        "SphereHunt.Environment.EpisodeLength.mean": {
            "value": 626.0,
            "min": 568.0,
            "max": 878.0,
            "count": 10
        },
        "SphereHunt.Environment.EpisodeLength.sum": {
            "value": 10016.0,
            "min": 9314.0,
            "max": 10536.0,
            "count": 10
        },
        "SphereHunt.Step.mean": {
            "value": 99904.0,
            "min": 9314.0,
            "max": 99904.0,
            "count": 10
        },
        "SphereHunt.Step.sum": {
            "value": 99904.0,
            "min": 9314.0,
            "max": 99904.0,
            "count": 10
        },
        "SphereHunt.Policy.ExtrinsicValueEstimate.mean": {
            "value": 0.0614461787045002,
            "min": -0.3142804503440857,
            "max": 0.066840760409832,
            "count": 10
        },
        "SphereHunt.Policy.ExtrinsicValueEstimate.sum": {
            "value": 0.9831388592720032,
            "min": -3.457084894180298,
            "max": 1.020813226699829,
            "count": 10
        },
        "SphereHunt.Policy.GailValueEstimate.mean": {
            "value": 27.432743072509766,
            "min": -0.062208391726017,
            "max": 33.72899627685547,
            "count": 10
        },
        "SphereHunt.Policy.GailValueEstimate.sum": {
            "value": 438.92388916015625,
            "min": -0.6842923164367676,
            "max": 545.014404296875,
            "count": 10
        },
        "SphereHunt.Environment.CumulativeReward.mean": {
            "value": 2.75,
            "min": 0.36363636363636365,
            "max": 3.25,
            "count": 10
        },
        "SphereHunt.Environment.CumulativeReward.sum": {
            "value": 44.0,
            "min": 4.0,
            "max": 52.0,
            "count": 10
        },
        "SphereHunt.Policy.ExtrinsicReward.mean": {
            "value": 0.2750000096857548,
            "min": 0.03636363690549677,
            "max": 0.325000012293458,
            "count": 10
        },
        "SphereHunt.Policy.ExtrinsicReward.sum": {
            "value": 4.400000154972076,
            "min": 0.4000000059604645,
            "max": 5.200000196695328,
            "count": 10
        },
        "SphereHunt.Policy.GailReward.mean": {
            "value": 246.5721926689148,
            "min": 223.27614890204535,
            "max": 479.67195232709247,
            "count": 10
        },
        "SphereHunt.Policy.GailReward.sum": {
            "value": 3945.1550827026367,
            "min": 3189.0099487304688,
            "max": 5756.06342792511,
            "count": 10
        },
        "SphereHunt.IsTraining.mean": {
            "value": 1.0,
            "min": 1.0,
            "max": 1.0,
            "count": 10
        },
        "SphereHunt.IsTraining.sum": {
            "value": 1.0,
            "min": 1.0,
            "max": 1.0,
            "count": 10
        },
        "SphereHunt.Losses.PolicyLoss.mean": {
            "value": 0.05084387106083644,
            "min": 0.04174395656445995,
            "max": 0.0563088252543821,
            "count": 9
        },
        "SphereHunt.Losses.PolicyLoss.sum": {
            "value": 0.05084387106083644,
            "min": 0.04174395656445995,
            "max": 0.0563088252543821,
            "count": 9
        },
        "SphereHunt.Losses.ValueLoss.mean": {
            "value": 53.19485607147217,
            "min": 53.19485607147217,
            "max": 495.4400882876016,
            "count": 9
        },
        "SphereHunt.Losses.ValueLoss.sum": {
            "value": 53.19485607147217,
            "min": 53.19485607147217,
            "max": 495.4400882876016,
            "count": 9
        },
        "SphereHunt.Policy.LearningRate.mean": {
            "value": 1.500609499799999e-05,
            "min": 1.500609499799999e-05,
            "max": 0.000269058010314,
            "count": 9
        },
        "SphereHunt.Policy.LearningRate.sum": {
            "value": 1.500609499799999e-05,
            "min": 1.500609499799999e-05,
            "max": 0.000269058010314,
            "count": 9
        },
        "SphereHunt.Policy.Epsilon.mean": {
            "value": 0.11500599999999996,
            "min": 0.11500599999999996,
            "max": 0.36905799999999994,
            "count": 9
        },
        "SphereHunt.Policy.Epsilon.sum": {
            "value": 0.11500599999999996,
            "min": 0.11500599999999996,
            "max": 0.36905799999999994,
            "count": 9
        },
        "SphereHunt.Policy.Beta.mean": {
            "value": 0.005,
            "min": 0.005,
            "max": 0.005,
            "count": 9
        },
        "SphereHunt.Policy.Beta.sum": {
            "value": 0.005,
            "min": 0.005,
            "max": 0.005,
            "count": 9
        },
        "SphereHunt.Policy.GAILPolicyEstimate.mean": {
            "value": 0.33790028442939124,
            "min": 0.33790028442939124,
            "max": 0.3915545456111431,
            "count": 9
        },
        "SphereHunt.Policy.GAILPolicyEstimate.sum": {
            "value": 0.33790028442939124,
            "min": 0.33790028442939124,
            "max": 0.3915545456111431,
            "count": 9
        },
        "SphereHunt.Policy.GAILExpertEstimate.mean": {
            "value": 0.655292417605718,
            "min": 0.5691787619900898,
            "max": 0.655292417605718,
            "count": 9
        },
        "SphereHunt.Policy.GAILExpertEstimate.sum": {
            "value": 0.655292417605718,
            "min": 0.5691787619900898,
            "max": 0.655292417605718,
            "count": 9
        },
        "SphereHunt.Losses.GAILLoss.mean": {
            "value": 0.8854927470286688,
            "min": 0.8854927470286688,
            "max": 1.1532801061868667,
            "count": 9
        },
        "SphereHunt.Losses.GAILLoss.sum": {
            "value": 0.8854927470286688,
            "min": 0.8854927470286688,
            "max": 1.1532801061868667,
            "count": 9
        },
        "SphereHunt.Policy.GAILGradMagLoss.mean": {
            "value": 0.07808088356008132,
            "min": 0.06713059261556743,
            "max": 6.003440499305725,
            "count": 9
        },
        "SphereHunt.Policy.GAILGradMagLoss.sum": {
            "value": 0.07808088356008132,
            "min": 0.06713059261556743,
            "max": 6.003440499305725,
            "count": 9
        },
        "SphereHunt.Losses.PretrainingLoss.mean": {
            "value": 0.944737250344795,
            "min": 0.944737250344795,
            "max": 1.7687126680424339,
            "count": 9
        },
        "SphereHunt.Losses.PretrainingLoss.sum": {
            "value": 0.944737250344795,
            "min": 0.944737250344795,
            "max": 1.7687126680424339,
            "count": 9
        }
    },
    "metadata": {
        "timer_format_version": "0.1.0",
        "start_time_seconds": "1742739998",
        "python_version": "3.9.13 (main, Oct 13 2022, 21:23:06) [MSC v.1916 64 bit (AMD64)]",
        "command_line_arguments": "C:\\Users\\franc\\anaconda3\\envs\\ml_agents_env_3_9_13\\Scripts\\mlagents-learn config/sphere_hunt_imitation_config.yaml --force --run-id=imitation_test_001",
        "mlagents_version": "0.30.0",
        "mlagents_envs_version": "0.30.0",
        "communication_protocol_version": "1.5.0",
        "pytorch_version": "2.5.1+cpu",
        "numpy_version": "1.21.2",
        "end_time_seconds": "1742741734"
    },